model,accuracy,attack_precision,attack_recall,attack_f1,normal_recall,macro_f1,false_positive_rate,inference_time_s
Isolation Forest tuned,0.5117225343925595,0.6459512447749047,0.3821759208596879,0.4802266101974589,0.6983041230614047,0.5099230632162848,0.3016958769385954,
Autoencoder tuned,0.9476328876832655,0.9342344033539829,0.9802805804206518,0.9567037614541726,0.9006115243979321,0.9452288007872209,0.09938847560206783,0.017888300004415214
Hybrid secondary,0.8172705548020409,0.7769875138296191,0.9683307434724563,0.8621704308513748,0.5997036943638885,0.795576747343842,0.40029630563611146,
