{
  "selection_rule": {
    "min_recall": 0.9,
    "max_fpr": 0.5
  },
  "best_model": {
    "contamination": 0.02,
    "n_estimators": 100,
    "max_samples": 256,
    "selected_threshold_percentile": 50.0,
    "selected_threshold_value": -0.2802996893856909,
    "val_attack_precision": 0.006012024048096192,
    "val_attack_recall": 1.0,
    "val_attack_f1": 0.01195219123505976,
    "val_false_positive_rate": 0.4964964964964965,
    "val_macro_f1": 0.34086291319409445,
    "test_accuracy": 0.5244267198404786,
    "test_attack_precision": 0.008316008316008316,
    "test_attack_recall": 1.0,
    "test_attack_f1": 0.016494845360824743,
    "test_normal_recall": 0.5225225225225225,
    "test_macro_f1": 0.3514426889526017,
    "test_false_positive_rate": 0.4774774774774775
  },
  "artifacts": {
    "validation_sweep": "reports\\tables\\if_threshold_sweep_validation.csv",
    "summary": "reports\\tables\\if_advanced_tuning_summary.csv"
  }
}