model,accuracy,attack_precision,attack_recall,attack_f1,normal_recall,macro_f1,false_positive_rate
Isolation Forest,0.60622,0.4670344029418902,0.5475864785896412,0.5041128735713243,0.6399989912936029,0.5887852751381732,0.36000100870639706
Autoencoder,0.80658,0.655667954673729,0.9915846839058448,0.7893753348520552,0.6999981086755055,0.8052807796473418,0.30000189132449456
Hybrid (IF+AE),0.68232,0.5350600015242204,0.9987853054792571,0.6968239425866545,0.5000031522074909,0.6815912688903698,0.4999968477925091
