model,attack_f1,attack_f1,attack_recall,attack_recall,false_positive_rate,false_positive_rate,accuracy,accuracy
,mean,std,mean,std,mean,std,mean,std
AE+HBOS Fusion,0.9076178301961475,0.08406204260779057,0.978114932385027,0.017558189620351338,0.17092190667097407,0.17145242164952035,0.9004308171123309,0.09459192470745935
Autoencoder,0.8694227612372435,0.05129520197932293,0.9491199293968805,0.05756454450271692,0.17671418697859842,0.04305105382501158,0.8847103604960861,0.02036061415274152
HBOS,0.9077821518025994,0.0856595960615329,0.9870041132188526,0.009149984691282564,0.19128888977495198,0.19739532715474464,0.8979125648415099,0.09777906719282414
