model,selected_threshold_percentile,selected_threshold_value,accuracy,attack_precision,attack_recall,attack_f1,normal_recall,macro_f1,false_positive_rate
PyOD-HBOS-bins10,97.0,154.06213954712368,0.975934896337919,0.9793088363954505,0.9799304020485434,0.9796195206266204,0.9701803051317615,0.9751217330659553,0.029819694868238558
PyOD-ECOD,50.0,55.06094066875298,0.2472905767616095,0.12776659959758552,0.04725219408636274,0.0689897585837767,0.535399066952465,0.21863208508974397,0.46460093304753497
PyOD-COPOD,50.0,40.73421757050148,0.18500290641348577,0.06183905730687884,0.026876190059311463,0.037468153595020516,0.41274744672802927,0.1653946204742164,0.5872525532719708
